City_ID,City,Lat,Lng,Max Temp,Humidity,Cloudiness,Wind Speed,Country,Date
0,sandnessjoen,66.0217,12.6316,275.44,80,32,8.25,NO,1714862014
1,blackmans bay,-43.0167,147.3167,282.33,91,0,0.45,AU,1714862008
2,vilyuysk,63.7553,121.6247,271.48,96,100,1.79,RU,1714861999
3,qaqortoq,60.7167,-46.0333,272.85,62,0,0.98,GL,1714862103
4,bredasdorp,-34.5322,20.0403,286.09,81,6,1.66,ZA,1714861998
5,adamstown,-25.066,-130.1015,294.28,65,15,8.75,PN,1714862103
6,ghat,24.9647,10.1728,301.07,30,80,6.59,LY,1714862103
7,laguna,38.421,-121.4238,286.56,91,100,5.66,US,1714862103
8,enewetak,11.3474,162.3373,300.71,77,81,7.59,MH,1714862103
9,yellowknife,62.456,-114.3525,281.71,65,0,3.09,CA,1714862104
10,stanley,54.868,-1.6985,283.31,89,20,1.03,GB,1714862104
11,reiskirchen,50.6,8.8333,287.34,82,100,0.45,DE,1714862104
12,nar'yan-mar,67.6713,53.087,261.54,99,95,1.79,RU,1714862104
13,badger,64.8,-147.5333,290.37,29,0,0.89,US,1714862002
14,avarua,-21.2078,-159.775,301.18,83,75,4.12,CK,1714862008
15,longyearbyen,78.2186,15.6401,268.06,74,20,3.09,SJ,1714862104
16,grytviken,-54.2811,-36.5092,273.08,78,16,4.97,GS,1714862104
17,coquimbo,-29.9533,-71.3436,289.0,67,0,3.09,CL,1714861956
18,daru,-9.0763,143.2092,300.13,90,100,7.92,PG,1714862104
19,santa sylvina,-27.8326,-61.1375,291.51,93,100,1.93,AR,1714862105
20,olonkinbyen,70.9221,-8.7187,271.73,97,100,7.44,SJ,1714862105
21,pocone,-16.2567,-56.6228,300.67,50,96,2.02,BR,1714862050
22,bilibino,68.0546,166.4372,271.64,65,15,1.36,RU,1714862105
23,east london,-33.0153,27.9116,293.52,83,84,6.3,ZA,1714861808
24,port-aux-francais,-49.35,70.2167,276.64,62,100,9.46,TF,1714861998
25,mandan,46.8267,-100.8896,288.04,46,20,4.63,US,1714861846
26,corbelia,-24.7989,-53.3067,299.79,59,100,2.29,BR,1714862105
27,bereznik,62.8551,42.7072,271.28,75,99,1.39,RU,1714862105
28,jamestown,42.097,-79.2353,294.92,79,100,6.69,US,1714861948
29,college,64.8569,-147.8028,290.42,31,75,0.45,US,1714861892
30,saint-francois,46.4154,3.9054,286.84,90,100,4.12,FR,1714862105
31,vorgashor,67.5833,63.95,257.48,98,99,1.92,RU,1714862105
32,sindgi,16.9167,76.2333,303.98,34,2,7.64,IN,1714862106
33,sandpoint,48.2766,-116.5533,292.96,29,0,4.12,US,1714862106
34,kez,57.8979,53.7152,269.5,75,19,1.68,RU,1714862106
35,port alfred,-33.5906,26.891,291.03,90,91,1.79,ZA,1714862106
36,iqaluit,63.7506,-68.5145,269.0,79,100,5.66,CA,1714861812
37,ribeira grande,38.5167,-28.7,291.37,88,40,5.14,PT,1714862106
38,alma,48.5501,-71.6491,287.71,76,100,0.94,CA,1714862022
39,cabo san lucas,22.8909,-109.9124,303.49,32,20,5.14,MX,1714861813
40,port lincoln,-34.7333,135.8667,288.95,75,5,3.75,AU,1714862006
41,kyshtovka,56.555,76.6271,282.23,94,37,4.92,RU,1714862106
42,fort mcmurray,56.7268,-111.381,287.88,35,0,2.57,CA,1714861819
43,albany,42.6001,-73.9662,293.58,52,95,1.79,US,1714861798
44,kerikeri,-35.2268,173.9474,291.43,93,100,2.76,NZ,1714862107
45,salalah,17.0151,54.0924,302.2,79,40,1.54,OM,1714862107
46,port saint john's,-31.6229,29.5448,294.81,86,1,6.73,ZA,1714862107
47,dunbar,38.3606,-81.7374,294.81,93,100,2.57,US,1714862107
48,mirny,62.5353,113.9611,274.95,100,96,4.47,RU,1714862107
49,alofi,-19.0595,-169.9187,304.09,70,20,4.63,NU,1714862107
50,tsiombe,-25.3,45.4833,291.23,77,0,3.56,MG,1714862014
51,vila velha,-20.3297,-40.2925,299.12,83,0,3.09,BR,1714862107
52,wailua homesteads,22.0669,-159.378,300.39,73,75,8.75,US,1714861999
53,ilulissat,69.2167,-51.1,267.16,73,100,0.0,GL,1714862014
54,punta arenas,-53.15,-70.9167,277.21,60,0,4.63,CL,1714862107
55,dzhangala,49.2167,50.3333,277.37,43,30,2.96,KZ,1714862107
56,ushuaia,-54.8,-68.3,275.96,93,100,4.63,AR,1714862107
57,itoman,26.1247,127.6694,298.37,83,20,5.66,JP,1714862108
58,inirida,3.8653,-67.9239,299.21,92,96,0.93,CO,1714862108
59,talnakh,69.4865,88.3972,256.04,96,91,2.88,RU,1714862000
60,hawaiian paradise park,19.5933,-154.9731,298.0,86,100,3.09,US,1714862108
61,haiku-pauwela,20.9219,-156.3051,299.16,73,40,11.83,US,1714862108
62,parkes,-33.1333,148.1833,286.12,93,76,3.95,AU,1714862108
63,qarauyl,48.9451,79.255,289.65,28,59,5.77,KZ,1714862108
64,kristiansund,63.1115,7.732,283.18,76,19,1.03,NO,1714862108
65,puerto ayora,-0.7393,-90.3518,300.13,94,93,3.58,EC,1714862003
66,porto novo,6.4965,2.6036,302.05,83,9,2.97,BJ,1714862108
67,fort bragg,35.139,-79.006,294.72,91,100,2.06,US,1714862108
68,lashio,22.9333,97.75,291.78,64,21,0.53,MM,1714862108
69,fernie,49.5,-115.0687,289.53,41,96,3.05,CA,1714862108
70,buala,-8.145,159.5921,300.17,85,100,1.18,SB,1714862108
71,maine soroa,13.2114,12.0241,305.22,11,0,3.43,NE,1714862109
72,georgetown,5.4112,100.3354,301.12,83,20,0.51,MY,1714861972
73,nyurba,63.2842,118.3319,273.79,95,79,3.3,RU,1714862109
74,hermanus,-34.4187,19.2345,287.48,82,3,2.84,ZA,1714862109
75,weno,7.4515,151.8468,302.12,89,100,3.6,FM,1714862109
76,anavyssos,37.7333,23.95,290.47,67,63,5.24,GR,1714862109
77,yako,12.9667,-2.2667,308.64,26,55,2.36,BF,1714862109
78,dudinka,69.4058,86.1778,256.3,98,92,2.68,RU,1714862109
79,iskateley,67.6803,53.1512,261.49,99,96,1.79,RU,1714862109
80,argo,37.6333,22.7333,286.87,81,86,2.05,GR,1714862109
81,waitangi,-43.9535,-176.5597,284.72,83,46,3.58,NZ,1714862109
82,tazovsky,67.4667,78.7,262.14,92,71,5.81,RU,1714861938
83,balqash,46.8481,74.995,288.31,70,52,4.08,KZ,1714862109
84,puerto natales,-51.7236,-72.4875,273.89,83,55,3.51,CL,1714861944
85,rubiataba,-15.1644,-49.8033,296.0,51,0,0.65,BR,1714862109
86,hamilton,39.1834,-84.5333,298.7,81,100,5.14,US,1714861957
87,lompoc,34.6391,-120.4579,292.6,59,100,4.63,US,1714862110
88,yeppoon,-23.1333,150.7333,293.29,89,100,6.02,AU,1714862110
89,igarka,67.4667,86.5833,255.94,99,76,2.68,RU,1714862110
90,palikir - national government center,6.9248,158.1611,301.62,84,100,2.57,FM,1714862110
91,riberalta,-10.9833,-66.1,302.26,79,75,0.0,BO,1714862110
92,margaret river,-33.95,115.0667,288.34,79,78,4.22,AU,1714862011
93,edinburgh of the seven seas,-37.0676,-12.3116,287.29,78,45,15.62,SH,1714862110
94,papao,-17.75,-149.55,302.97,80,18,8.55,PF,1714862110
95,luderitz,-26.6481,15.1594,289.01,88,0,4.04,NA,1714862110
96,bethel,41.3712,-73.414,288.9,66,0,3.09,US,1714862088
97,hami,42.8,93.45,292.03,13,45,1.54,CN,1714862110
98,calatayud,41.3535,-1.6432,291.86,68,100,2.58,ES,1714862110
99,antalaha,-14.9003,50.2788,296.98,89,36,5.03,MG,1714862110
100,west island,-12.1568,96.8225,299.14,89,100,5.66,CC,1714862011
101,constantia,44.1833,28.65,282.53,79,14,5.52,RO,1714862046
102,uren',57.4552,45.7852,271.29,67,25,2.38,RU,1714861938
103,alice springs,-23.7,133.8833,276.9,87,25,0.0,AU,1714862111
104,beledweyne,4.7358,45.2036,299.67,77,97,3.67,SO,1714862111
105,tiksi,71.6872,128.8694,268.19,96,100,2.25,RU,1714861998
106,belmonte,-15.8631,-38.8828,298.26,83,8,3.34,BR,1714862111
107,la manga del mar menor,37.6413,-0.7165,292.15,72,0,3.09,ES,1714862111
108,izhevsk,56.85,53.2333,272.22,71,12,2.68,RU,1714862111
109,port mathurin,-19.6833,63.4167,298.82,76,16,8.19,MU,1714862111
110,hadibu,12.65,54.0333,302.34,77,86,1.16,YE,1714862111
111,kailua-kona,19.6406,-155.9956,301.13,72,75,5.66,US,1714862111
112,hakha,22.65,93.6167,289.04,86,78,1.53,MM,1714862111
113,kavala,40.9397,24.4019,285.8,73,66,2.43,GR,1714862111
114,katsuura,35.1333,140.3,293.39,74,17,6.96,JP,1714862112
115,chernyshevskiy,63.0128,112.4714,272.77,86,100,2.32,RU,1714862112
116,aliganj,27.5,79.1833,303.34,10,8,3.03,IN,1714862112
117,tolanaro,-25.0319,46.9987,294.19,73,40,5.14,MG,1714862066
118,santa terezinha,-29.9002,-50.0904,293.99,93,100,1.61,BR,1714862112
119,whitehorse,60.7161,-135.0538,288.58,26,75,8.75,CA,1714862112
120,barentu,15.1139,37.5928,298.88,23,7,1.54,ER,1714862112
121,afaahiti,-17.75,-149.2833,302.08,81,48,8.11,PF,1714862112
122,longonjo,-12.9067,15.2533,288.07,64,0,1.11,AO,1714862112
123,zemio,5.0314,25.1361,294.13,97,95,1.38,CF,1714862112
124,tralee,52.2704,-9.7026,281.26,91,91,1.05,IE,1714862112
125,ancud,-41.8697,-73.8203,279.13,90,92,5.67,CL,1714861953
126,ambon,-3.6954,128.1814,299.86,14,40,2.57,ID,1714862010
127,udachny,66.4167,112.4,271.73,89,100,3.92,RU,1714862113
128,kaka,37.3482,59.6143,288.92,76,0,2.25,TM,1714862113
129,hasaki,35.7333,140.8333,292.37,70,6,6.76,JP,1714862113
130,samamiya,11.3487,9.6399,303.77,26,62,2.93,NG,1714862113
131,thunder bay,48.4001,-89.3168,282.14,87,100,2.57,CA,1714861869
132,ploudalmezeau,48.5333,-4.65,286.08,100,100,6.69,FR,1714862113
133,bonthe,7.5264,-12.505,301.41,81,100,2.89,SL,1714862113
134,polyarnyy,69.1989,33.4478,269.72,93,100,5.34,RU,1714862113
135,maceio,-9.6658,-35.7353,299.84,83,40,1.54,BR,1714861949
136,sol'-iletsk,51.1631,54.9918,274.67,64,0,2.23,RU,1714862000
137,erenhot,43.6475,111.9767,286.11,35,95,7.9,CN,1714862114
138,niafunke,15.9322,-3.9906,307.38,13,0,5.95,ML,1714862114
139,buka,40.8108,69.1986,290.71,75,100,2.65,UZ,1714862114
140,sinabang,2.4803,96.3801,300.12,84,100,1.39,ID,1714862114
141,kamaishi,39.2667,141.8833,291.95,45,95,0.51,JP,1714862114
142,manuguru,17.981,80.7547,302.21,76,16,2.54,IN,1714862114
143,ocean city,39.2776,-74.5746,283.25,89,100,5.81,US,1714862114
144,chonchi,-42.6128,-73.8092,277.71,96,100,1.5,CL,1714861951
145,mto wa mbu,-3.35,35.85,293.31,90,100,0.78,TZ,1714862114
146,invercargill,-46.4,168.35,282.05,92,58,2.24,NZ,1714862002
147,suklayin,15.7574,121.5503,299.8,84,55,0.7,PH,1714862114
148,shimoda,34.6667,138.95,294.32,63,10,4.45,JP,1714862115
149,egilsstadir,65.2653,-14.3948,279.1,87,75,1.03,IS,1714862115
150,portland,45.5234,-122.6762,284.12,94,100,2.57,US,1714862054
151,xining,36.6167,101.7667,282.02,52,17,0.88,CN,1714862115
152,cooma,-36.2333,149.1333,283.35,76,100,2.46,AU,1714862115
153,forres,57.6113,-3.6108,283.7,92,75,1.54,GB,1714862115
154,guarapari,-20.6667,-40.4975,296.54,90,0,2.25,BR,1714861927
155,cruzeiro do sul,-29.5128,-51.9853,294.31,95,100,1.15,BR,1714862115
156,uturoa,-16.7333,-151.4333,301.09,71,21,7.52,PF,1714862115
157,thompson,55.7435,-97.8558,279.24,75,100,5.66,CA,1714862115
158,galliano,29.4422,-90.2992,302.59,65,40,2.06,US,1714862115
159,viedma,-40.8135,-62.9967,286.09,33,2,5.02,AR,1714861932
160,praia,14.9215,-23.5087,297.45,73,20,5.14,CV,1714862115
161,kodiak,57.79,-152.4072,280.88,61,100,4.63,US,1714862115
162,la passe,45.5549,-0.8967,288.28,96,71,3.91,FR,1714862115
163,lyepyel',54.8814,28.6932,283.75,90,72,4.53,BY,1714862116
164,mazara del vallo,37.6641,12.588,288.67,68,57,3.23,IT,1714862116
165,fortuna,40.5982,-124.1573,282.96,94,75,3.6,US,1714862116
166,guozhen,34.3659,107.359,285.36,84,1,1.89,CN,1714862116
167,turkmenbasy,40.0222,52.9552,284.58,82,0,2.06,TM,1714862116
168,shahba,32.8551,36.629,284.28,92,43,10.25,SY,1714862116
169,tyukhtet,56.5389,89.3011,278.15,93,95,3.49,RU,1714862116
170,crane,31.3974,-102.3501,296.63,75,83,10.56,US,1714862116
171,cody,44.5263,-109.0565,290.51,29,0,6.69,US,1714862082
172,saipan,15.1355,145.701,302.54,74,40,5.14,MP,1714862013
173,nuuk,64.1835,-51.7216,270.49,59,20,10.8,GL,1714862116
174,selibaby,15.159,-12.1829,310.99,10,0,4.0,MR,1714862116
175,klyuchi,52.2667,79.1667,283.87,72,100,1.98,RU,1714862116
176,colonia,50.9333,6.95,285.35,91,75,2.06,DE,1714862003
177,yuzhno-kurilsk,44.0306,145.8556,276.14,90,100,3.33,RU,1714862010
178,vilyuchinsk,52.9306,158.4028,276.3,99,100,1.43,RU,1714862117
179,mount isa,-20.7333,139.5,292.02,42,38,5.14,AU,1714862117
180,wellington,-41.2866,174.7756,286.41,80,39,5.14,NZ,1714862103
181,kelowna,49.8831,-119.4857,294.16,28,40,6.17,CA,1714862041
182,westland,51.9967,4.2273,284.27,93,100,2.57,NL,1714861913
183,cacu,-18.5567,-51.1308,297.23,50,1,1.86,BR,1714862117
184,ust'-barguzin,53.45,108.9833,278.54,67,100,0.92,RU,1714862117
185,diu,20.7141,70.9822,301.57,53,45,4.49,IN,1714862117
186,bandarbeyla,9.4942,50.8122,301.86,83,70,3.87,SO,1714862117
187,arkhangel'sk,64.5401,40.5433,272.11,93,100,5.0,RU,1714862117
188,mugia,43.1041,-9.2179,288.66,98,100,10.78,ES,1714862117
189,nouadhibou,20.931,-17.0347,292.14,82,0,8.23,MR,1714862118
190,touros,-5.1989,-35.4608,299.43,84,91,4.12,BR,1714862118
191,kilifi,-3.6305,39.8499,298.6,80,100,10.09,KE,1714862118
192,fortaleza,-3.7227,-38.5247,301.6,89,40,4.12,BR,1714861810
193,jayapura,-2.5333,140.7,298.81,89,100,0.63,ID,1714861916
194,utrik,11.2278,169.8474,300.68,76,98,7.24,MH,1714862118
195,papatowai,-46.5619,169.4708,283.77,72,75,4.91,NZ,1714862118
196,saa,4.3667,11.45,295.44,97,94,0.98,CM,1714862118
197,rolante,-29.6506,-50.5758,295.18,99,98,0.46,BR,1714862118
198,ceeldheer,3.8488,47.1806,301.23,78,100,4.34,SO,1714862118
199,kushiro,42.975,144.3747,279.68,93,100,2.06,JP,1714861822
200,marquette,46.5333,-87.6335,289.84,66,100,2.52,US,1714862118
201,san luis de la loma,17.2706,-100.8939,302.04,60,0,4.1,MX,1714862118
202,port elizabeth,-33.918,25.5701,291.54,85,0,4.12,ZA,1714862118
203,ta`u,-14.2336,-169.5144,301.56,79,100,9.06,AS,1714862015
204,carutapera,-1.195,-46.02,298.84,93,100,4.75,BR,1714862119
205,keflavik,64.0049,-22.5624,278.39,75,75,6.69,IS,1714862119
206,black river,18.0264,-77.8487,300.68,75,17,1.76,JM,1714862119
207,atafu village,-8.5421,-172.5159,302.13,78,100,3.01,TK,1714862119
208,yaring,6.8662,101.3689,298.76,89,95,1.79,TH,1714862119
209,new norfolk,-42.7826,147.0587,282.99,75,0,0.8,AU,1714862119
210,calama,-22.4667,-68.9333,294.42,17,0,8.23,CL,1714862119
211,waliso,8.5333,37.9833,289.73,82,100,2.35,ET,1714862119
212,novoshcherbinovskaya,46.4767,38.6476,278.02,44,21,5.55,RU,1714862119
213,carnarvon,-24.8667,113.6333,294.77,50,0,7.89,AU,1714862119
214,minas novas,-17.2186,-42.5903,293.03,79,4,1.66,BR,1714862002
215,batang,-6.4846,110.7083,298.59,76,40,3.02,ID,1714862119
216,san antonio de pale,-1.4014,5.6325,300.71,86,34,4.25,GQ,1714862119
217,brookings,44.3114,-96.7984,289.36,47,40,5.66,US,1714862119
218,lihue,21.9789,-159.3672,300.73,66,75,8.75,US,1714862004
219,kyrenia,35.3417,33.3167,287.9,66,15,10.94,CY,1714862120
220,bad lobenstein,50.4493,11.6381,283.19,90,19,2.28,DE,1714862120
221,barra de santo antonio,-9.4047,-35.5072,299.75,81,96,4.18,BR,1714862120
222,mazagao,-0.115,-51.2894,300.18,96,100,1.28,BR,1714862120
223,huarmey,-10.0681,-78.1522,294.4,81,50,4.15,PE,1714861878
224,mangaratiba,-22.9597,-44.0406,297.63,72,0,2.0,BR,1714861921
225,cockburn town,21.4612,-71.1419,298.87,80,25,7.13,TC,1714862120
226,flying fish cove,-10.4217,105.6791,299.97,83,100,5.66,CX,1714862120
227,kati,12.7441,-8.0726,304.82,12,4,0.82,ML,1714862120
228,shenkursk,62.1091,42.896,271.82,73,84,1.66,RU,1714862120
229,praia da vitoria,38.7333,-27.0667,290.29,88,20,2.94,PT,1714861998
230,klaksvik,62.2266,-6.589,281.66,99,97,5.79,FO,1714862120
231,st. john's,47.5649,-52.7093,276.3,93,100,8.05,CA,1714862120
232,lata,40.1629,-8.3327,288.66,98,55,1.89,PT,1714862120
233,kirakira,-10.4544,161.9205,301.39,84,99,2.76,SB,1714862120
234,isafjordur,66.0755,-23.124,275.64,71,20,2.13,IS,1714862121
235,morehead city,34.7229,-76.726,298.19,76,0,2.57,US,1714862121
236,wanning,18.8003,110.3967,298.86,90,83,2.73,CN,1714862121
237,wynyard,-41.0,145.7167,285.64,64,1,1.86,AU,1714862121
238,montijo,38.7067,-8.9739,291.25,91,75,4.12,PT,1714862121
239,bathsheba,13.2167,-59.5167,301.49,83,20,6.69,BB,1714862121
240,howrah,22.5892,88.3103,303.15,84,40,5.66,IN,1714862121
241,berbera,10.4396,45.0143,302.86,79,100,2.51,SO,1714862121
242,chikwawa,-16.0335,34.8009,293.09,89,5,1.53,MW,1714862121
243,ust-nera,64.5667,143.2,273.98,83,95,1.47,RU,1714862121
244,smithers,54.7804,-127.1743,291.33,32,40,2.57,CA,1714862108
245,lampang,18.3333,99.5,299.6,56,36,0.95,TH,1714862121
246,padang,-0.9492,100.3543,300.18,79,99,2.18,ID,1714862121
247,taoudenni,22.6783,-3.9836,303.98,6,0,4.77,ML,1714862121
248,vadso,70.0744,29.7487,272.64,74,75,9.26,NO,1714862121
249,lianshan,40.7643,120.8533,286.84,62,100,2.65,CN,1714862121
250,ringim,12.1548,9.1619,304.72,19,11,2.2,NG,1714862122
251,lebu,-37.6167,-73.65,283.79,81,93,4.1,CL,1714862122
252,shimanovsk,52.0,127.7,280.81,58,83,4.86,RU,1714861939
253,kankan,10.3854,-9.3057,306.24,37,82,3.15,GN,1714862122
254,floro,61.5996,5.0328,284.19,93,75,2.06,NO,1714862122
255,aegina,37.7467,23.4275,290.48,67,48,11.15,GR,1714862122
256,devonport,-41.1667,146.35,284.6,66,5,2.3,AU,1714862122
257,levuka,50.1834,-105.4011,286.99,43,88,0.7,CA,1714862122
258,nuku'alofa,-21.1333,-175.2,299.34,83,75,6.69,TO,1714862122
259,kaoma,-14.7833,24.8,289.2,61,21,2.48,ZM,1714862122
260,kingman,35.1894,-114.053,302.14,14,0,9.26,US,1714862123
261,susuman,62.7833,148.1667,269.81,85,36,0.89,RU,1714862123
262,ataq,14.5377,46.8319,296.15,84,77,5.39,YE,1714862123
263,al bawiti,28.3492,28.8659,296.76,26,100,2.81,EG,1714862123
264,longgang,37.6508,120.3286,284.31,94,100,4.66,CN,1714862123
265,tateyama,34.9833,139.8667,294.32,73,10,5.98,JP,1714862123
266,margate,51.3813,1.3862,281.87,86,11,2.37,GB,1714862038
267,pandan,14.0453,124.1694,301.44,79,56,2.85,PH,1714862123
268,ilhabela,-23.7781,-45.3581,296.95,82,1,1.52,BR,1714862123
269,taghazout,30.5426,-9.7112,289.58,75,3,3.74,MA,1714862123
270,saquarema,-22.92,-42.5103,296.58,86,0,4.03,BR,1714862123
271,piti village,13.4626,144.6933,302.43,80,75,4.63,GU,1714862123
272,prado,-17.3411,-39.2208,298.25,86,17,2.95,BR,1714862123
273,happy valley-goose bay,53.3168,-60.3315,279.32,65,75,2.57,CA,1714862123
274,ulladulla,-35.35,150.4667,288.15,85,100,4.17,AU,1714862123
275,nova sintra,14.8667,-24.7167,296.86,78,1,4.33,CV,1714862005
276,trinidad,-14.8333,-64.9,304.14,70,75,0.0,BO,1714862124
277,mount pearl,47.5166,-52.7813,275.62,93,100,6.17,CA,1714861997
278,shingu,33.7333,135.9833,292.26,57,52,0.74,JP,1714862124
279,lukolela,-1.0605,17.1821,295.83,85,67,0.77,CD,1714862124
280,castillos,-34.1667,-53.8333,289.62,95,92,3.16,UY,1714862124
281,kapa'a,22.0752,-159.319,301.14,73,75,8.75,US,1714862078
282,okha,53.5739,142.9478,276.07,56,31,2.68,RU,1714862124
283,progreso,21.2833,-89.6667,312.21,81,0,8.78,MX,1714862124
284,peterhead,57.5058,-1.7981,284.51,94,99,4.18,GB,1714862124
285,aasiaat,68.7098,-52.8699,261.42,87,28,2.04,GL,1714862010
286,karagandy,49.8019,73.1021,280.12,51,98,4.83,KZ,1714862124
287,petropavlovsk-kamchatsky,53.0452,158.6483,275.48,78,75,3.58,RU,1714861939
288,slave lake,55.2834,-114.769,287.14,28,0,2.57,CA,1714862124
289,jianshui,23.6363,102.8264,290.18,58,44,1.44,CN,1714862124
290,vine grove,37.8101,-85.9814,298.67,76,0,4.63,US,1714862124
291,anadyr,64.75,177.4833,268.43,73,0,5.81,RU,1714862124
292,kotlas,61.2611,46.6556,272.62,63,64,0.45,RU,1714862125
293,milledgeville,33.0801,-83.2321,299.23,70,100,0.0,US,1714862125
294,medicine hat,50.0501,-110.6683,290.49,24,40,4.12,CA,1714862125
295,kwang binh,17.4833,106.6,300.01,73,50,1.23,VN,1714862125
296,la ronge,55.1001,-105.2842,285.27,35,75,3.09,CA,1714862125
297,hinthada,17.6333,95.4667,300.36,80,0,2.66,MM,1714862125
298,el granada,37.5027,-122.4694,286.52,85,75,5.66,US,1714862089
299,geraldton,-28.7667,114.6,284.38,87,1,4.12,AU,1714862125
300,cranbrook,49.4999,-115.7688,289.06,23,75,1.03,CA,1714861920
301,monrovia,6.3005,-10.7969,300.8,89,100,3.27,LR,1714862125
302,badagara,11.6,75.5833,300.56,79,68,3.04,IN,1714862125
303,yiyang,28.5892,112.3283,288.43,91,100,1.16,CN,1714862125
304,newman,37.3138,-121.0208,284.29,88,100,5.36,US,1714862126
305,xinyuan,37.3,99.0,274.34,52,95,1.02,CN,1714862126
306,kidatu,-7.6992,36.9572,292.89,99,100,1.02,TZ,1714862126
307,twon-brass,4.3151,6.2418,301.63,78,79,3.67,NG,1714862126
308,kenai,60.5544,-151.2583,284.2,44,100,8.23,US,1714862126
309,limassol,34.675,33.0333,292.19,63,20,6.69,CY,1714861976
310,saint-philippe,-21.3585,55.7679,295.92,80,98,6.47,RE,1714862126
311,ciputat,-6.2375,106.6956,299.27,83,20,2.06,ID,1714862026
312,wynne,35.2245,-90.7868,298.37,58,56,2.5,US,1714862126
313,chibougamau,49.9168,-74.3659,287.94,72,20,4.12,CA,1714862126
314,chelak,39.9203,66.8611,289.57,85,100,1.84,UZ,1714862126
315,luganville,-15.5333,167.1667,299.75,86,100,4.71,VU,1714862126
316,pangody,65.85,74.4859,268.59,90,100,8.14,RU,1714861940
317,severodvinsk,64.5635,39.8302,272.11,95,100,5.31,RU,1714862126
318,richards bay,-28.783,32.0377,294.51,74,0,6.97,ZA,1714862127
319,angaur state,6.906,134.13,301.42,72,48,7.98,PW,1714862127
320,manfalut,27.3104,30.97,300.29,20,19,3.79,EG,1714862127
321,strezhevoy,60.7333,77.5889,274.24,75,100,5.81,RU,1714862127
322,kani keli,-12.9536,45.1033,300.74,73,87,1.57,YT,1714862127
323,queenstown,-31.8976,26.8753,288.31,41,11,0.93,ZA,1714862127
324,kismayo,-0.3582,42.5454,299.43,84,100,6.01,SO,1714862127
325,waingapu,-9.6567,120.2641,297.99,80,4,2.56,ID,1714862127
326,notodden,59.5594,9.2585,285.79,76,50,0.69,NO,1714862127
327,beya,53.0533,90.9139,284.11,84,100,0.99,RU,1714862127
328,playas,-2.6333,-80.3833,298.59,79,56,5.18,EC,1714862127
329,aleppo,36.25,37.5,288.12,74,1,9.11,SY,1714862127
330,sao felix do xingu,-6.6447,-51.995,297.69,90,20,1.16,BR,1714862128
331,dubois,38.3464,-86.8897,301.0,57,40,4.63,US,1714862128
332,bikenibeu village,1.3673,173.1241,304.13,74,75,4.12,KI,1714862128
333,kasane,-17.8167,25.15,287.86,43,3,2.27,BW,1714862128
334,minas de marcona,-15.2119,-75.1103,289.31,86,11,5.78,PE,1714862128
335,venancio aires,-29.6064,-52.1919,293.86,99,100,1.22,BR,1714861863
336,conceicao da barra,-18.5933,-39.7322,297.53,84,4,1.98,BR,1714862109
337,princeville,45.7668,-61.2985,281.27,87,100,2.57,CA,1714862128
338,visakhapatnam,17.69,83.2093,301.41,89,44,4.36,IN,1714862088
339,tawau,4.2498,117.8871,299.22,84,99,1.51,MY,1714862128
340,malanje,-9.5402,16.341,290.61,63,21,0.6,AO,1714862128
341,sitka,57.0531,-135.33,286.09,62,75,3.09,US,1714862002
342,treffurt,51.1333,10.2333,286.4,83,100,2.11,DE,1714862128
343,mulayjah,27.271,48.4242,298.88,47,0,1.83,SA,1714862129
344,kardla,58.9978,22.7492,279.29,85,12,3.73,EE,1714862129
345,poronaysk,49.2167,143.1167,275.72,73,89,5.03,RU,1714862129
346,garuhape,-26.8177,-54.9566,298.17,98,72,0.63,AR,1714862129
347,katabu,-4.9333,122.5167,296.81,95,100,0.54,ID,1714862129
348,hutchinson island south,27.2995,-80.2205,301.18,70,40,6.71,US,1714862056
349,jesus de otoro,14.4833,-87.9833,305.96,22,2,3.04,HN,1714862129
350,walvis bay,-22.9575,14.5053,288.68,88,0,1.54,NA,1714862129
351,suntar,62.1444,117.6319,274.0,96,100,2.61,RU,1714862129
352,berkane,34.9084,-2.3461,290.97,41,5,0.71,MA,1714862129
353,port-vila,-17.7338,168.3219,298.93,78,75,4.63,VU,1714862129
354,kirensk,57.7853,108.1119,279.8,89,63,0.89,RU,1714861998
355,san martin de los andes,-40.1604,-71.3486,276.29,97,99,6.71,AR,1714862129
356,deqen,29.9618,90.7188,275.65,80,100,3.31,CN,1714862129
357,troitsko-pechorsk,62.7084,56.1964,269.09,85,41,2.24,RU,1714862130
358,rio preto da eva,-2.6994,-59.6997,298.1,98,100,1.14,BR,1714861981
359,puerto aysen,-45.4,-72.7,274.18,98,73,2.01,CL,1714862044
360,kuta,-8.7233,115.1723,298.15,94,20,1.54,ID,1714862130
361,rousinov,49.2013,16.8822,287.14,84,0,2.06,CZ,1714862130
362,tondon,10.3667,-13.35,300.44,81,100,1.35,GN,1714862130
363,ust'-talovka,50.5493,81.85,286.43,58,100,3.03,KZ,1714862130
364,punta del este,-34.9667,-54.95,291.21,88,75,3.13,UY,1714861905
365,sarmiento,-45.5882,-69.07,279.27,55,41,5.76,AR,1714862130
366,bay harbor,30.1471,-85.6146,302.19,70,40,4.63,US,1714862130
367,codrington,-38.2667,141.9667,285.9,88,82,1.91,AU,1714862130
368,mozarlandia,-14.7447,-50.5706,299.75,44,11,2.93,BR,1714862131
369,rumoi,43.9344,141.6428,285.99,66,100,4.98,JP,1714862131
370,batticaloa,7.7102,81.6924,300.46,88,85,2.27,LK,1714862131
371,san patricio,28.017,-97.5169,302.12,68,51,7.3,US,1714862131
372,masumbwe,-3.6333,32.1833,292.94,80,97,0.84,TZ,1714862131
373,remire-montjoly,4.9167,-52.2667,300.17,94,40,2.57,GF,1714862131
374,huanggang,23.677,116.9996,295.09,92,100,1.04,CN,1714862131
375,nemuro,43.3236,145.575,278.22,83,100,3.51,JP,1714862131
376,khovd,48.0056,91.6419,284.27,28,67,2.46,MN,1714862131
377,kinablangan,7.6947,126.5503,299.13,83,27,1.5,PH,1714862131
378,guilin,25.2819,110.2864,291.21,93,70,1.02,CN,1714862131
379,port macquarie,-31.4333,152.9167,288.65,90,90,3.12,AU,1714862131
380,arraial do cabo,-22.9661,-42.0278,297.79,85,0,9.94,BR,1714862131
381,kurchatov,51.6601,35.6521,278.38,71,5,3.56,RU,1714862132
382,rocha,-34.4833,-54.3333,289.51,94,100,3.04,UY,1714862066
383,porto velho,-8.7619,-63.9039,302.18,79,40,1.03,BR,1714862093
384,nizhniy kuranakh,58.8353,125.4869,274.11,93,64,0.88,RU,1714862132
385,baise city,23.8997,106.6133,292.12,92,58,0.98,CN,1714862132
386,tabas,33.5959,56.9244,296.24,30,0,3.0,IR,1714862132
387,kiruna,67.8557,20.2251,272.66,80,100,2.06,SE,1714862132
388,mar del plata,-38.0023,-57.5575,289.87,82,0,3.09,AR,1714861840
389,waddan,29.1614,16.139,293.35,38,0,5.99,LY,1714862132
390,guerrero negro,27.9769,-114.0611,292.13,63,1,9.82,MX,1714862133
391,bedesa,8.9,40.7833,290.25,87,100,0.78,ET,1714862133
392,cabinda,-5.55,12.2,300.23,89,35,2.57,AO,1714862133
393,den burg,53.0542,4.7972,285.14,90,78,6.45,NL,1714862133
394,korla,41.7597,86.1469,291.46,18,13,2.04,CN,1714862133
395,lazaro cardenas,17.9583,-102.2,300.83,64,6,5.21,MX,1714862133
396,templeton,35.5497,-120.706,287.25,91,100,6.69,US,1714862044
397,luau,-10.7073,22.2247,289.96,57,100,1.78,AO,1714862133
398,laojunmiao,39.8333,97.7333,284.35,20,57,2.46,CN,1714862133
399,tortoli,39.9256,9.6572,289.34,67,0,4.63,IT,1714862133
400,kapuskasing,49.4169,-82.4331,293.2,34,75,2.06,CA,1714861922
401,eyl,7.9803,49.8164,302.04,81,64,4.41,SO,1714862133
402,harstad,68.799,16.5293,276.38,95,93,5.36,NO,1714862133
403,rampur hat,24.1667,87.7833,298.54,72,42,3.31,IN,1714862133
404,kalianget,-7.05,113.9333,299.31,83,12,1.93,ID,1714862134
405,thohoyandou,-22.9456,30.485,288.96,66,0,1.24,ZA,1714862134
406,les trois-ilets,14.539,-61.0361,302.1,74,20,4.63,MQ,1714861924
407,idrinskoye,54.3708,92.1358,284.24,89,100,1.96,RU,1714862134
408,villa hernandarias,-31.231,-59.985,291.07,93,100,2.67,AR,1714862134
409,puerto leguizamo,-0.1934,-74.7819,298.23,97,85,0.32,CO,1714862134
410,arteche,12.2645,125.4048,300.61,74,82,1.79,PH,1714862134
411,posse,-14.0931,-46.3694,296.79,48,13,2.62,BR,1714862134
412,saint augustine beach,29.8505,-81.2654,300.97,69,0,5.14,US,1714862134
413,tura,25.5198,90.2201,295.05,76,93,2.46,IN,1714862001
414,westport,41.1415,-73.3579,288.9,67,0,4.12,US,1714862134
415,maumere,-8.6199,122.2111,299.28,84,100,2.56,ID,1714862134
416,panaba,21.2833,-88.2667,307.82,35,15,7.32,MX,1714862134
417,umuahia,5.5263,7.4896,298.44,88,50,2.13,NG,1714862134
418,feijo,-8.1642,-70.3536,298.45,96,84,0.21,BR,1714862135
419,new plymouth,-39.0667,174.0833,289.71,63,4,2.33,NZ,1714862135
420,karratha,-20.7377,116.8463,295.18,28,0,4.02,AU,1714862135
421,palora,-1.7,-77.9333,297.21,95,46,0.11,EC,1714862135
422,san jose de jachal,-30.2406,-68.7469,294.42,11,0,4.6,AR,1714862003
423,howard springs,-12.497,131.047,299.75,84,38,4.29,AU,1714862135
424,magistral'nyy,56.1725,107.4458,280.02,76,93,1.07,RU,1714862135
425,gadzhiyevo,69.2551,33.3362,269.12,93,100,4.86,RU,1714861998
426,kingston,17.997,-76.7936,303.68,70,20,9.26,JM,1714861729
427,sake,-1.5736,29.045,290.56,98,100,0.68,CD,1714862135
428,vuktyl,63.8567,57.3094,265.43,93,77,1.34,RU,1714862000
429,vera,-29.4593,-60.2126,290.95,94,100,2.36,AR,1714862135
430,thinadhoo,0.5333,72.9333,302.15,80,100,5.24,MV,1714862135
431,ouadda,8.0777,22.4007,295.84,21,19,2.54,CF,1714862135
432,canacona,14.9959,74.0506,297.67,85,25,1.84,IN,1714862136
433,kaohsiung,22.6163,120.3133,300.39,86,40,3.09,TW,1714862087
434,kangaba,11.9333,-8.4167,307.01,17,27,1.71,ML,1714861885
435,kostanay,53.1667,63.5833,271.31,86,0,4.0,KZ,1714861896
436,road town,18.4167,-64.6167,303.2,78,20,2.57,VG,1714862136
437,leninskoye,41.7589,69.3864,287.12,96,100,3.6,KZ,1714862136
438,diamantino,-14.4086,-56.4461,300.59,59,94,2.5,BR,1714862136
439,palmer,42.1584,-72.3287,291.16,52,100,5.66,US,1714862136
440,broome,42.2506,-75.833,289.93,66,100,5.66,US,1714862136
441,ad dabbah,18.05,30.95,300.9,8,0,5.23,SD,1714862136
442,dalhousie,32.5333,75.9833,286.26,36,0,5.08,IN,1714862136
443,krong kep,10.4833,104.3167,299.13,72,100,2.72,KH,1714862137
444,lerwick,60.1545,-1.1494,282.15,98,100,6.93,GB,1714862137
445,jwaneng,-24.6004,24.7303,288.38,41,0,3.25,BW,1714862137
446,gallup,35.5281,-108.7426,295.06,14,20,6.17,US,1714862137
447,impfondo,1.6381,18.0667,295.9,81,61,1.36,CG,1714862080
448,lijiang,26.8688,100.2207,282.0,72,100,1.58,CN,1714862137
449,nushki,29.5542,66.0215,297.17,39,3,5.22,PK,1714862137
450,pisco,-13.7,-76.2167,294.18,83,0,3.6,PE,1714862046
451,berdigestyakh,62.0989,126.6992,273.78,99,77,1.42,RU,1714861998
452,mana,5.6592,-53.7767,299.62,90,99,5.08,GF,1714862137
453,holualoa,19.6228,-155.9522,299.06,70,75,5.66,US,1714862137
454,faya-largeau,17.9257,19.1043,305.71,14,0,4.44,TD,1714862137
455,frenda,35.0654,1.0495,287.58,36,27,1.95,DZ,1714862138
456,goondiwindi,-28.55,150.3167,291.47,78,42,2.59,AU,1714862138
457,agboville,5.928,-4.2132,299.42,93,80,1.7,CI,1714862138
458,saudarkrokur,65.7461,-19.6394,277.29,90,76,1.1,IS,1714862138
459,miquelon,47.0975,-56.3814,279.15,75,54,2.78,PM,1714862138
460,ivdel',60.6911,60.4206,269.92,88,31,2.24,RU,1714862138
461,myeik,12.4333,98.6,301.54,78,100,2.96,MM,1714862138
462,christchurch,-43.5333,172.6333,288.38,79,100,1.03,NZ,1714862120
463,salinopolis,-0.6136,-47.3561,299.91,87,98,4.39,BR,1714862138
464,grand baie,-20.0182,57.5802,296.41,91,11,8.11,MU,1714862138
465,khasab,26.1799,56.2477,300.28,55,0,0.89,OM,1714862138
466,chinde,26.8418,88.0763,290.46,38,0,2.8,NP,1714862139
467,gisborne,-38.6533,178.0042,287.95,55,60,1.12,NZ,1714862139
468,kotido,2.9806,34.1331,291.29,94,99,0.86,UG,1714862139
469,camacupa,-12.0167,17.4833,287.63,64,2,1.72,AO,1714862139
470,sao gabriel da cachoeira,-0.1303,-67.0892,298.09,95,94,0.91,BR,1714862139
471,selfoss,63.9331,-20.9971,277.62,69,6,2.94,IS,1714862139
472,namsos,64.4662,11.4957,279.18,81,0,0.0,NO,1714862139
473,torbat-e heydariyeh,35.274,59.2195,288.41,42,2,1.05,IR,1714862139
474,zhangjiajie,29.1294,110.4783,289.46,92,96,0.89,CN,1714862139
475,burang,30.25,81.1667,270.49,86,73,1.25,CN,1714862139
476,lavras,-21.2453,-44.9997,292.9,53,1,2.14,BR,1714861883
477,ilebo,-4.3167,20.5833,296.05,62,100,1.04,CD,1714862139
478,ergani,38.2653,39.7621,282.6,89,20,1.77,TR,1714862139
479,cervantes,-39.05,-67.3833,286.53,30,0,7.66,AR,1714862140
480,dampit,-8.2116,112.7493,293.53,97,70,1.34,ID,1714862140
481,thabazimbi,-24.5917,27.4116,289.59,38,0,1.43,ZA,1714862140
482,todos santos,23.45,-110.2167,304.99,81,63,3.13,MX,1714862140
483,horta,38.5333,-28.6333,290.95,92,40,5.14,PT,1714862140
484,crucecita,-28.95,-58.9833,290.92,96,100,2.02,AR,1714862140
485,leo,11.1,-2.1,307.03,33,94,1.56,BF,1714862140
486,robore,-18.3333,-59.75,301.55,44,85,1.87,BO,1714862140
487,siwa oasis,29.2041,25.5195,296.0,26,54,6.06,EG,1714862140
488,hilo,19.7297,-155.09,298.31,92,100,3.09,US,1714862113
489,odense,55.3959,10.3883,285.83,82,99,1.12,DK,1714862140
490,galesong,-5.3166,119.3661,298.16,85,87,1.07,ID,1714862140
491,kattivakkam,13.2167,80.3167,304.32,81,3,7.91,IN,1714862141
492,mahina,-17.5065,-149.489,303.02,70,40,3.09,PF,1714862001
493,tajerouine,35.8917,8.5528,288.05,48,2,1.68,TN,1714862141
494,khash,28.2211,61.2158,292.68,61,4,5.14,IR,1714862141
495,cadale,2.7603,46.3222,301.52,78,100,4.76,SO,1714862141
496,kavaratti,10.5669,72.642,302.63,69,59,3.69,IN,1714862141
497,puerto baquerizo moreno,-0.9,-89.6,298.7,83,75,3.09,EC,1714862141
498,saint-joseph,-21.3667,55.6167,295.36,80,82,6.7,RE,1714862141
499,tan an,10.5333,106.4167,302.64,79,97,1.07,VN,1714862141
500,nyagan,62.1406,65.3936,268.99,95,100,6.35,RU,1714862141
501,thames,-37.1333,175.5333,290.58,53,5,1.12,NZ,1714862141
502,port augusta,-32.5,137.7667,288.73,61,2,2.43,AU,1714862141
503,shelui,-4.3667,34.2,292.71,81,100,1.8,TZ,1714862141
504,quatre cocos,-20.2078,57.7625,296.21,75,62,8.04,MU,1714862141
505,karystos,38.0133,24.4161,289.26,77,61,5.47,GR,1714862142
506,vila franca do campo,37.7167,-25.4333,291.42,99,73,3.89,PT,1714862142
507,nadi,-17.8,177.4167,303.15,66,75,4.63,FJ,1714861879
508,suva,-18.1416,178.4415,300.86,83,75,4.63,FJ,1714862142
509,ashburton,-37.8626,145.0794,286.4,88,81,1.06,AU,1714862142
510,kuzhener,56.8111,48.9128,271.25,69,22,2.68,RU,1714862142
511,malvan,16.0667,73.4667,299.27,86,2,3.83,IN,1714862142
512,puerto deseado,-47.7503,-65.8938,279.09,65,91,7.38,AR,1714861881
513,omachi,36.5,137.8667,290.25,50,63,1.29,JP,1714862142
514,ola,59.5833,151.2833,273.23,87,88,1.67,RU,1714862142
515,narrabri,-30.3167,149.7833,290.01,80,30,1.12,AU,1714862142
516,iskushuban,10.2837,50.23,301.07,72,70,2.94,SO,1714862143
517,serhetabat,35.2799,62.3438,289.35,81,38,1.31,TM,1714862143
518,sarangani,5.4033,125.4636,301.41,74,98,6.35,PH,1714862143
519,oltinko'l,40.8011,72.1634,292.51,52,68,2.02,UZ,1714862143
520,soio,-6.1349,12.3689,299.51,85,42,4.05,AO,1714862143
521,dangriga,16.9692,-88.2321,301.38,76,27,4.89,BZ,1714862143
522,naze,28.3667,129.4833,295.66,84,100,7.12,JP,1714862143
523,el gouna,27.3942,33.6782,300.2,27,4,6.44,EG,1714862143
524,matadi,-5.8167,13.45,299.45,82,79,1.37,CD,1714862143
525,catabola,-12.15,17.2833,287.5,62,2,1.66,AO,1714862143
526,fale old settlement,-9.3852,-171.2468,302.14,75,98,2.12,TK,1714862006
527,nikolayevsk-on-amure,53.1406,140.73,278.83,52,83,0.89,RU,1714862121
528,hengshui,37.7322,115.7011,288.24,74,100,2.04,CN,1714862143
529,saint-pierre,-21.3393,55.4781,295.97,73,100,6.17,RE,1714862143
530,andorra,42.5,1.5,285.49,93,100,0.93,AD,1714862143
531,kilindoni,-7.9139,39.6668,297.55,89,100,4.79,TZ,1714862144
532,alpena,45.0617,-83.4327,291.33,98,40,5.14,US,1714862144
533,serdar,38.9764,56.2757,287.61,79,0,1.94,TM,1714862144
534,leh,34.1667,77.5833,269.3,85,71,1.92,IN,1714862144
535,kenora,49.8167,-94.4337,283.69,53,75,4.12,CA,1714862144
536,caucete,-31.6518,-68.2811,291.83,26,0,3.28,AR,1714862144
537,santa cruz del sur,20.7147,-77.9956,300.77,70,79,5.75,CU,1714862144
538,freetown,8.484,-13.2299,300.99,78,40,4.63,SL,1714862144
539,valparaiso,-33.0393,-71.6273,290.28,67,0,3.09,CL,1714862144
540,arkalyk,50.2486,66.9114,278.37,66,100,3.07,KZ,1714862144
541,cidade velha,14.9167,-23.6167,297.41,73,20,5.14,CV,1714862144
542,igrim,63.1906,64.4162,266.01,85,22,5.76,RU,1714861940
543,thal,35.4791,72.2439,277.18,78,40,3.53,PK,1714862144
544,mount gambier,-37.8333,140.7667,285.6,86,96,1.26,AU,1714862144
545,ione,38.3527,-120.9327,283.3,100,100,1.54,US,1714862097
546,xiahu,26.6106,119.9483,292.39,96,90,3.41,CN,1714862145
547,resen,41.0889,21.0122,281.43,84,12,1.93,MK,1714862145
548,baharly,38.4362,57.4316,289.49,68,6,3.13,TM,1714862145
549,orizona,-17.0314,-48.2958,293.05,59,0,1.95,BR,1714862145
550,tan-tan,28.438,-11.1032,289.16,90,0,4.58,MA,1714862145
551,yinchuan,38.4681,106.2731,286.82,57,0,2.06,CN,1714862020
552,ciudad lazaro cardenas,17.9583,-102.2,300.83,64,6,5.21,MX,1714862133
553,mashhad,36.297,59.6062,287.23,77,0,4.12,IR,1714861991
554,vorkuta,67.5,64.0,257.65,98,99,2.24,RU,1714862145
555,caleta de carquin,-11.0925,-77.6267,293.39,86,72,3.36,PE,1714862145
556,konjic,43.6519,17.9614,284.64,90,27,1.39,BA,1714862145
557,turpan,42.9333,89.1667,297.18,12,84,2.12,CN,1714862146
558,komotini,41.1228,25.3964,288.74,75,65,0.45,GR,1714862146
559,mermoz boabab,14.7065,-17.4758,297.46,94,0,5.14,SN,1714862001
560,plastun,44.7561,136.2939,281.01,67,100,1.86,RU,1714862146
561,bulgan,48.8125,103.5347,281.4,61,16,2.31,MN,1714862146
562,novyy urgal,51.0736,132.5642,277.48,93,100,3.95,RU,1714861937
563,taroa,8.7058,171.2275,300.81,78,79,9.02,MH,1714862146
